{
	"settings": {
		"id": "mother"
	},

	"portraits": {
		"upper": "assets/characters/player_portrait.png",
		"lower": "assets/characters/single_portrait.png"
	},

	"upper": [
		"Hello.",
		"The weather is pretty nice today.",
		"That’s your daughter over there, right?",
		"Your daughter is quite playful, but she seems lonely. Does she not have any friends to play with?",
		"I see..."
	],

	"lower": [
		"What do you want?",
		"...? Yeah... it is.",
		"Over there? Yes",
		"... (sighs) She doesn’t leave the house often.",
	]
}
